<?xml version="1.0" encoding="UTF-8"?>
<!DOCTYPE mapper PUBLIC "-//mybatis.org//DTD mapper 3.0//EN" "http://mybatis.org/dtd/mybatis-3-mapper.dtd">
<!--namespace强调映射哪个dao接口-->
<mapper namespace="com.beyondsoft.springcloud.dao.PaymentDao">
    <!--useGeneratedKeys:执行插入后让其返回值-->
    <insert id="create" parameterType="Payment" useGeneratedKeys="true" keyProperty="id">
        insert  into payment(serial) values(#{serial});
    </insert>
    <resultMap id="BaseResultMap" type="com.beyondsoft.springcloud.entities.Payment">
        <!--column:和数据库中的字段对应，column:和实体类中的字段对应-->
        <id column="id" property="id" jdbcType="BIGINT"/>
        <id column="serial" property="serial" jdbcType="VARCHAR"/>
    </resultMap>
    <select id="getPaymentById" parameterType="Long" resultMap="BaseResultMap">
        select * from payment where id=#{id};
    </select>
</mapper>