<?xml version="1.0" encoding="UTF-8"?>
<!DOCTYPE mapper PUBLIC "-//mybatis.org//DTD mapper 3.0//EN" "http://mybatis.org/dtd/mybatis-3-mapper.dtd">
<!--namespace强调映射哪个dao接口-->
<mapper namespace="com.beyondsoft.springcloud.alibaba.dao.StorageDao">
    <resultMap id="BaseResultMap" type="com.beyondsoft.springcloud.alibaba.domain.Storage">
        <!--column:和数据库中的字段对应，column:和实体类中的字段对应-->
        <id column="id" property="id" jdbcType="BIGINT"/>
        <result column="product_id" property="productId" jdbcType="BIGINT"/>
        <result column="total" property="total" jdbcType="INTEGER"/>
        <result column="used" property="used" jdbcType="INTEGER"/>
        <result column="residue" property="residue" jdbcType="INTEGER"/>
    </resultMap>

    <update id="decrease">
        update t_storage  set used = used + #{count},residue = residue - #{count} where product_id = #{productId};
    </update>
</mapper>