<?xml version="1.0" encoding="UTF-8"?>
<!DOCTYPE mapper PUBLIC "-//mybatis.org//DTD mapper 3.0//EN" "http://mybatis.org/dtd/mybatis-3-mapper.dtd">
<!--namespace强调映射哪个dao接口-->
<mapper namespace="com.beyondsoft.springcloud.alibaba.dao.AccountDao">
    <resultMap id="BaseResultMap" type="com.beyondsoft.springcloud.alibaba.domain.Account">
        <!--column:和数据库中的字段对应，column:和实体类中的字段对应-->
        <id column="id" property="id" jdbcType="BIGINT"/>
        <result column="user_id" property="userId" jdbcType="BIGINT"/>
        <result column="total" property="total" jdbcType="INTEGER"/>
        <result column="used" property="used" jdbcType="DECIMAL"/>
        <result column="residue" property="residue" jdbcType="INTEGER"/>
    </resultMap>

    <update id="decrease">
        UPDATE t_account
        SET
          residue = residue - #{money},used = used + #{money}
        WHERE
          user_id = #{userId};
    </update>
</mapper>